SUD_CD,YEAR_3_BEING_CO,YEAR_3_OPBIZ_STOR_CO,RELM_AR,THSMON_SELNG_AMT,YEAR_3_BEING_RT,VIATR_FCLTY_CO,HSHLD_INCOME_TOTAMT,POPLTN_CO,RENT_CO,TOT_REPOP_CO,SALE_MT_AVG,TOT_BSN_MT,TOT_STOR_CO,SALE_MT_AVG_90,SIMILR_INDUTY_STOR_CO,OPBIZ_STOR_CO,CLSBIZ_STOR_CO
1123000029,0.0,0.0,7199.08930214,74713501.57142857,0.0,5.0,16864920.0,11.0,2.857142857142857,46.0,58.0,116.0,2.0,60.035714285714285,1.0,0.2857142857142857,0.2857142857142857
1123000054,0.0,0.0,15357.967654,82216145.5,0.0,2.0,161104853.0,80.0,3.375,251.375,16.6625,91.5,5.5,16.9625,3.375,0.75,0.125
1123000142,0.0,0.0,5931.98452651,228629207.42105263,0.0,3.0,54078235.0,28.0,3.473684210526316,105.26315789473684,42.88947368421052,195.42105263157896,4.578947368421052,42.88947368421052,3.1578947368421053,0.2631578947368421,0.15789473684210525
1123000167,0.0,0.0,4511.13210114,13356087.25,0.0,2.0,36508015.0,18.0,2.8333333333333335,34.0,13.25,26.5,2.0,42.5,1.0,0.25,0.0
1123000188,0.0,0.6666666666666666,10463.6082986,20931680.0,0.0,3.0,152897117.0,59.0,1.6666666666666667,5.0,20.400000000000002,102.0,5.0,20.400000000000002,1.0,0.3333333333333333,0.3333333333333333
1123000247,0.0,0.0,6884.19895901,35409501.0,0.0,4.0,399904508.0,145.0,2.857142857142857,270.85714285714283,11.535714285714286,23.071428571428573,2.0,86.29285714285713,1.5714285714285714,0.42857142857142855,0.2857142857142857
1123000311,0.0,0.0,12826.3621649,61592136.222222224,0.0,2.0,159483949.0,84.0,2.111111111111111,322.22222222222223,11.333333333333334,11.333333333333334,1.0,11.333333333333334,1.0,0.0,0.0
1123000313,0.46153846153846156,0.8717948717948718,12629.6218867,11604629.794871794,38.46153846153846,8.0,76015694.0,34.0,8.846153846153847,143.5897435897436,26.848717948717947,194.43589743589743,7.256410256410256,26.848717948717947,3.3076923076923075,0.28205128205128205,0.2564102564102564
1123000380,0.058823529411764705,0.058823529411764705,4071.0069535699995,35012264.76470588,5.882352941176471,1.0,7728234.0,5.0,4.529411764705882,21.41176470588235,17.764705882352942,38.470588235294116,2.1470588235294117,26.776470588235295,1.0,0.058823529411764705,0.0
1123000524,0.0,0.0,3560.15397671,80520221.83333333,0.0,2.0,2203839.0,2.0,3.3333333333333335,14.333333333333334,45.75,91.5,2.0,45.75,1.0,0.0,0.0
1123000528,0.4,0.6,1943.8355224699997,1063532.0,40.0,1.0,52611424.0,19.0,2.0,53.8,25.76,106.6,4.2,24.48,1.0,0.0,0.0
1123000551,0.18181818181818182,0.18181818181818182,10360.0348741,1387135.8636363635,18.181818181818183,1.0,17850091.0,9.0,2.8181818181818183,39.22727272727273,44.04545454545455,88.0909090909091,2.0,44.04545454545455,1.0,0.0,0.0
1123000553,0.375,0.375,2315.44433707,14524216.0,37.5,1.0,6293096.0,4.0,1.5,27.5,29.75,59.5,2.0,29.75,1.0,0.0,0.0
1123000571,0.14285714285714285,0.5,1716.47034127,72109098.28571428,10.714285714285714,4.0,12182353.0,5.0,2.0,32.57142857142857,18.05,44.642857142857146,2.4285714285714284,18.05,1.4285714285714286,0.07142857142857142,0.0
1123000583,0.1111111111111111,0.1111111111111111,6558.03722184,53923134.777777776,11.11111111111111,2.0,208315994.0,80.0,4.148148148148148,217.11111111111111,61.0,70.0,1.1111111111111112,93.0,2.0,0.0,0.0
1123000605,0.0,0.0,4346.21841473,4679010.916666667,0.0,1.0,99776805.0,45.0,1.3333333333333333,45.0,16.75,16.75,1.0,79.375,1.0,0.08333333333333333,0.08333333333333333
1123000626,0.0,0.7058823529411765,3635.86047217,98326967.1764706,0.0,3.0,44739130.0,15.0,3.176470588235294,18.235294117647058,13.594117647058823,89.0,6.529411764705882,23.0,2.4705882352941178,0.23529411764705882,0.23529411764705882
1123000632,0.2727272727272727,0.2727272727272727,3291.4497889400004,48434194.63636363,27.272727272727273,1.0,108539999.0,50.0,1.2727272727272727,138.54545454545453,53.36363636363637,156.1818181818182,2.909090909090909,55.81818181818182,2.0,0.0,0.0
1123000638,0.6666666666666666,1.0,4376.3797947,2903191.3333333335,50.0,1.0,37040587.0,12.0,1.0,53.0,30.866666666666664,105.0,3.3333333333333335,37.766666666666666,1.0,0.0,0.0
1123000642,0.0,0.0,9087.70959967,33124906.333333332,0.0,5.0,84449503.0,31.0,1.6666666666666667,45.0,59.0,118.0,2.0,59.0,2.0,0.3333333333333333,0.0
1123000654,0.2571428571428571,0.6857142857142857,6619.07270546,75161985.25714286,25.714285714285715,1.0,247095751.0,91.0,4.485714285714286,209.14285714285714,25.52,88.31428571428572,3.5714285714285716,22.64,1.7714285714285714,0.08571428571428572,0.17142857142857143
1123000675,0.2608695652173913,1.0869565217391304,7731.02447436,18000000.0,26.08695652173913,12.0,17597864.0,4.0,3.4347826086956523,23.652173913043477,24.186956521739127,96.65217391304348,4.0,24.186956521739127,1.0869565217391304,0.0,0.043478260869565216
1123000679,0.14285714285714285,0.2857142857142857,3943.56302881,14704991.0,14.285714285714286,1.0,143929348.0,60.0,1.7142857142857142,126.85714285714286,28.785714285714285,57.57142857142857,2.0,28.785714285714285,1.0,0.0,0.0
1123000682,0.0,0.0,5662.97446008,162599741.375,0.0,1.0,11517554.0,7.0,1.875,53.25,45.2875,110.125,2.5,40.837500000000006,1.75,0.125,0.0
1123000720,0.034482758620689655,0.6551724137931034,8968.58069041,47517838.0,1.7241379310344827,4.0,7047956.0,2.0,2.793103448275862,26.862068965517242,23.410344827586208,158.79310344827587,6.724137931034483,26.420689655172417,1.4827586206896552,0.0,0.10344827586206896
1123000727,0.0,0.0,5519.61595065,6349300.875,0.0,3.0,20314736.0,6.0,2.875,18.0,17.4375,69.625,4.0,23.325,1.0,0.375,0.0
1123000739,0.0,0.0,8825.02822343,1363710.2857142857,0.0,1.0,632936796.0,194.0,2.4285714285714284,414.42857142857144,35.5,71.0,2.0,35.5,1.0,0.0,0.0
1123000746,0.16216216216216217,0.16216216216216217,3797.5155461000004,79988645.1081081,16.216216216216218,2.0,54010525.0,23.0,2.8378378378378377,98.72972972972973,19.986486486486488,32.027027027027025,1.7027027027027026,48.98378378378378,1.2162162162162162,0.13513513513513514,0.08108108108108109
1123000751,0.1724137931034483,0.6206896551724138,4006.09273558,35617975.37931035,17.24137931034483,2.0,28727274.0,15.0,2.310344827586207,32.44827586206897,15.444827586206896,53.724137931034484,3.413793103448276,15.444827586206896,1.4827586206896552,0.13793103448275862,0.06896551724137931
1123000804,0.2222222222222222,0.6666666666666666,6529.5723876,69059256.66666667,22.22222222222222,6.0,203807677.0,70.0,1.0,141.11111111111111,34.166666666666664,136.66666666666666,4.0,34.166666666666664,2.0,0.0,0.0
1123000851,0.12,0.28,5606.01333844,9964796.44,12.0,2.0,174292658.0,62.0,4.36,200.44,22.488000000000003,61.64,2.68,22.488000000000003,1.8,0.08,0.12
1123000903,0.2727272727272727,0.2727272727272727,4101.30733984,93305576.0909091,27.272727272727273,1.0,45748233.0,26.0,1.7272727272727273,118.95454545454545,27.84090909090909,64.27272727272727,2.227272727272727,39.06818181818182,1.5,0.045454545454545456,0.0
1123000930,0.0,0.0,1800.81554107,350466.0,0.0,2.0,36834612.0,14.0,1.0,59.0,25.0,75.0,3.0,24.3,1.0,0.0,0.0
1123000933,0.0,0.0,2075.67256411,157245337.2631579,0.0,2.0,6223963.0,2.0,3.3157894736842106,25.157894736842106,13.947368421052632,32.473684210526315,2.263157894736842,77.17894736842106,2.263157894736842,0.15789473684210525,0.10526315789473684
1123000934,0.4444444444444444,0.8888888888888888,5033.75205013,65975760.666666664,44.44444444444444,1.0,138204547.0,52.0,1.3333333333333333,150.44444444444446,33.37777777777777,201.0,6.111111111111111,27.27777777777778,2.0,0.0,0.0
1123000935,0.041666666666666664,0.25,5658.86112854,216408765.08333334,4.166666666666667,2.0,60417429.0,31.0,4.083333333333333,119.29166666666667,48.17083333333333,170.20833333333334,3.5,65.39999999999999,3.0,0.0,0.0
1123000942,0.14285714285714285,1.0476190476190477,2469.10378439,39549630.047619045,14.285714285714286,2.0,1844644.0,1.0,3.2857142857142856,16.571428571428573,17.771428571428572,89.95238095238095,5.0,35.79047619047619,1.8095238095238095,0.19047619047619047,0.047619047619047616
1123000945,0.5,0.5,3355.9090762,42270044.333333336,50.0,2.0,5574830.0,1.0,1.5,3.5,35.916666666666664,154.83333333333334,4.333333333333333,30.983333333333334,3.0,0.5,0.16666666666666666
1123000964,0.2222222222222222,0.2222222222222222,2030.53774226,52065603.88888889,22.22222222222222,1.0,48826096.0,14.0,2.111111111111111,42.666666666666664,42.90555555555555,153.0,3.6666666666666665,39.916666666666664,2.0,0.0,0.0
1123000975,0.17391304347826086,0.17391304347826086,4277.10327787,21179323.13043478,17.391304347826086,2.0,20272321.0,9.0,2.0,70.82608695652173,30.565217391304348,30.565217391304348,1.0,30.565217391304348,1.0,0.0,0.0
1123001011,0.4,0.4,3136.79801517,337786926.55,40.0,1.0,61461146.0,17.0,2.5,107.5,14.87,68.15,4.55,40.535000000000004,3.4,0.05,0.0
1123001022,0.9090909090909091,2.0,75357.7962421,20008828.818181816,46.96969696969697,15.0,15372508.0,3.0,1.7272727272727273,38.63636363636363,34.25454545454546,315.27272727272725,9.181818181818182,36.690909090909095,4.090909090909091,0.09090909090909091,0.09090909090909091
1123001030,0.0,0.0,2631.50546448,4833370.0,0.0,1.0,39143871.0,14.0,1.6666666666666667,84.0,68.0,68.0,1.0,68.0,1.0,0.0,0.0
1123001054,0.625,0.625,3013.48149689,33564714.0625,50.0,1.0,27294179.0,14.0,2.0,70.1875,63.5875,264.3125,4.1875,63.5875,2.875,0.0,0.125
1123001252,0.0,0.0,3972.39225777,2645616.5,0.0,1.0,91662597.0,35.0,1.0,105.0,57.25,114.5,2.0,79.15,1.0,0.0,0.0
1123001336,0.0,0.0,13518.2484709,35349432.0,0.0,7.0,37173374.0,4.0,2.0,5.0,20.5,41.0,2.0,35.5,1.0,0.0,0.0
1123001338,0.24324324324324326,0.2702702702702703,14034.7598661,14207779.324324325,24.324324324324323,12.0,24962042.0,9.0,3.3783783783783785,62.486486486486484,33.62162162162162,68.10810810810811,2.027027027027027,31.464864864864865,1.0,0.0,0.0
1123001341,0.34375,0.34375,14753.5555328,82181779.53125,34.375,4.0,183513927.0,65.0,3.40625,122.15625,35.265625,70.53125,2.0,35.265625,1.0,0.0,0.0
1123001375,0.5,1.0625,14113.5126472,161394036.875,23.958333333333332,14.0,19899442.0,7.0,11.208333333333334,16.5,34.574999999999996,247.5,7.1875,48.400000000000006,3.8125,0.125,0.0
1123001393,0.0,0.19444444444444445,6374.30314091,5409247.666666667,0.0,2.0,121263589.0,58.0,4.111111111111111,159.19444444444446,73.0,146.0,2.0,73.0,1.75,0.0,0.05555555555555555
1123001425,0.02631578947368421,0.02631578947368421,13280.7704614,32207792.657894738,2.6315789473684212,2.0,113748758.0,47.0,4.7105263157894735,119.78947368421052,46.036842105263155,193.1315789473684,4.2368421052631575,67.06842105263158,1.868421052631579,0.10526315789473684,0.15789473684210525
1123001434,0.06896551724137931,0.06896551724137931,5145.44003317,9775196.48275862,6.896551724137931,2.0,28685759.0,7.0,5.0,12.96551724137931,20.103448275862068,20.103448275862068,1.0,67.55172413793103,1.0,0.034482758620689655,0.0
1123001452,0.0,0.0,5180.56802312,15000000.0,0.0,1.0,1218452.0,1.0,3.6956521739130435,2.391304347826087,13.608695652173912,13.608695652173912,1.0,13.608695652173912,1.0,0.13043478260869565,0.0
1123001474,0.4,0.4,8476.88203593,7395522.76,40.0,3.0,184935843.0,75.0,2.8,289.04,65.268,132.56,2.04,65.268,2.0,0.04,0.04
1123001483,0.13333333333333333,0.13333333333333333,6160.22952037,15083236.133333333,13.333333333333334,1.0,157133562.0,55.0,2.8333333333333335,148.16666666666666,43.95,108.9,2.5,46.519999999999996,2.0,0.16666666666666666,0.1
1123001509,0.0,0.0,10862.3147481,76284153.63636364,0.0,1.0,556103205.0,214.0,5.2272727272727275,522.5454545454545,9.545454545454545,9.545454545454545,1.0,52.27272727272727,2.0,0.13636363636363635,0.0
1123001534,0.08823529411764706,0.08823529411764706,9796.04396006,50863993.38235294,8.823529411764707,3.0,1170369956.0,466.0,3.9705882352941178,920.5882352941177,31.7,73.32352941176471,2.323529411764706,28.070588235294117,1.3235294117647058,0.14705882352941177,0.08823529411764706
1123001564,0.10526315789473684,0.10526315789473684,9502.44158873,77320838.4736842,5.2631578947368425,2.0,1228260902.0,530.0,3.8421052631578947,607.1052631578947,41.847368421052636,142.57894736842104,3.4210526315789473,43.931578947368415,2.1052631578947367,0.05263157894736842,0.0
1123001594,0.0,0.0,6043.8271992,24077893.9,0.0,3.0,26602631.0,14.0,2.0,84.2,29.3,52.9,1.4,63.85,2.0,0.2,0.0
1123001595,0.18181818181818182,0.18181818181818182,8134.30016491,69978900.9090909,18.181818181818183,2.0,47527891.0,24.0,2.8484848484848486,76.72727272727273,41.04545454545455,82.0909090909091,2.0,41.04545454545455,1.0,0.0,0.0
1123001610,0.0,1.0,5021.12982437,1517629.0,0.0,1.0,94201823.0,38.0,1.0,172.0,21.0,42.0,2.0,21.0,1.0,0.0,0.0
1123001625,0.029411764705882353,0.029411764705882353,10200.3265225,126891659.61764705,2.9411764705882355,3.0,17515386.0,7.0,5.352941176470588,27.647058823529413,24.11764705882353,48.23529411764706,2.0,24.11764705882353,1.0,0.08823529411764706,0.0
1123001634,0.2777777777777778,0.2777777777777778,10865.4088096,5936574.361111111,27.77777777777778,8.0,155656280.0,62.0,4.333333333333333,284.1666666666667,51.375,86.83333333333333,1.5833333333333333,70.75,2.0,0.027777777777777776,0.0
1123001636,0.18181818181818182,0.18181818181818182,16477.1155956,16005967.090909092,18.181818181818183,1.0,148178419.0,53.0,1.2727272727272727,212.72727272727272,79.0,79.0,1.0,79.0,1.0,0.0,0.0
1123001637,0.06666666666666667,0.24444444444444444,10103.7257895,184266853.06666666,2.222222222222222,5.0,21432166.0,8.0,6.688888888888889,64.37777777777778,47.39333333333333,313.24444444444447,6.622222222222222,54.76,4.0,0.13333333333333333,0.13333333333333333
1123001646,0.0,0.0,6821.34012799,21913810.181818184,0.0,3.0,73054827.0,34.0,2.590909090909091,136.72727272727272,29.068181818181817,42.27272727272727,1.2272727272727273,64.79545454545455,1.0,0.13636363636363635,0.13636363636363635
1123001708,0.0,0.0,8154.01474872,54409302.375,0.0,1.0,85824950.0,34.0,2.875,129.0,15.537500000000001,64.125,4.125,15.537500000000001,2.125,0.375,0.0
1123001731,0.0,0.0,8658.17422558,28387646.4,0.0,4.0,52468420.0,24.0,1.6,129.0,6.8,6.8,1.0,87.3,1.4,0.4,0.2
1123001777,0.0,0.0,13677.9660346,130637364.9375,0.0,3.0,162196498.0,67.0,5.6875,226.4375,64.375,193.125,3.0,64.375,2.0,0.0,0.0
1123001782,0.09090909090909091,0.09090909090909091,7896.5910533,17346271.0,9.090909090909092,6.0,48776715.0,23.0,1.4545454545454546,443.54545454545456,44.72727272727273,89.45454545454545,2.0,64.11818181818181,1.0,0.0,0.0
1123001784,0.0,0.0,28284.9379399,3266101.8333333335,0.0,2.0,128688630.0,61.0,4.833333333333333,153.5,42.11666666666667,89.83333333333333,2.1666666666666665,59.208333333333336,1.6666666666666667,0.08333333333333333,0.25
1123001794,0.0,0.0,8827.21551829,41698917.0,0.0,2.0,165831233.0,70.0,1.6,175.0,47.3,94.6,2.0,47.3,1.0,0.2,0.2
1123001819,0.0,0.0,1904.36639678,83051873.0,0.0,2.0,42740836.0,14.0,1.5,34.75,46.625,93.25,2.0,59.75,1.0,0.0,0.25
1123001831,0.0,1.0,13598.160268600002,68158927.0,0.0,2.0,563395523.0,200.0,4.0,253.0,15.300000000000002,92.0,6.0,19.6,1.0,0.0,0.0
1123001849,0.5555555555555556,0.6666666666666666,15884.2258296,26177208.166666668,45.37037037037037,3.0,179432908.0,79.0,1.7777777777777777,246.5,43.49444444444444,199.22222222222223,4.555555555555555,43.49444444444444,3.5,0.0,0.1111111111111111
1123001853,0.0,0.11764705882352941,3521.82595606,23583989.411764707,0.0,4.0,26326561.0,10.0,3.4411764705882355,19.235294117647058,49.72941176470589,149.08823529411765,3.0,49.72941176470589,1.7941176470588236,0.0,0.08823529411764706
1123001858,0.0,0.375,1866.66063956,458994421.625,0.0,1.0,40325075.0,10.0,2.0,46.0,42.075,147.75,3.875,42.075,2.625,0.375,0.125
1123001907,0.0,0.0,2825.53634447,44464666.0,0.0,2.0,6654056.0,4.0,1.5,30.333333333333332,21.0,42.0,2.0,21.0,1.0,0.5,0.0
1123001935,0.1935483870967742,0.8064516129032258,16835.9273328,89082659.51612903,10.75268817204301,5.0,55295508.0,28.0,5.032258064516129,62.064516129032256,23.5,94.0,4.0,43.2,1.7741935483870968,0.0967741935483871,0.16129032258064516
1123001953,0.0,0.0,2193.83237965,12750383.636363637,0.0,1.0,8280773.0,5.0,1.6363636363636365,10.0,10.0,10.0,1.0,10.0,1.0,0.18181818181818182,0.0
1123002078,0.0,0.5185185185185185,13384.042897,176084010.62962964,0.0,2.0,219877328.0,85.0,2.7777777777777777,277.25925925925924,22.262962962962963,87.96296296296296,3.925925925925926,27.918518518518518,1.3703703703703705,0.14814814814814814,0.1111111111111111
1123002095,0.5454545454545454,1.7954545454545454,26205.345391099996,71244809.29545455,19.886363636363633,9.0,252630236.0,107.0,9.090909090909092,455.0,28.963636363636365,438.27272727272725,15.090909090909092,37.88181818181818,5.159090909090909,0.2727272727272727,0.3409090909090909
1123002138,0.3181818181818182,0.3181818181818182,10821.3304508,19415752.90909091,31.818181818181817,8.0,305869282.0,85.0,3.5,269.45454545454544,52.76363636363636,106.4090909090909,2.090909090909091,28.44545454545454,1.0,0.0,0.0
1123002156,0.0,0.0,5600.48497582,28638482.615384616,0.0,1.0,12230494.0,7.0,1.6923076923076923,59.84615384615385,30.646153846153844,132.92307692307693,4.384615384615385,32.6,2.0,0.15384615384615385,0.07692307692307693
1123002162,0.0,0.0,4503.00374877,6795470.5,0.0,3.0,2391548.0,1.0,1.0,14.0,10.5,10.5,1.0,76.3,2.0,0.0,0.0
1123002237,0.11538461538461539,0.34615384615384615,6307.597923380001,42469955.538461536,11.538461538461538,1.0,12351673.0,6.0,2.076923076923077,24.076923076923077,19.003846153846155,58.57692307692308,3.076923076923077,19.003846153846155,1.0769230769230769,0.038461538461538464,0.0
1123002238,0.0,0.0,3285.23344051,90355998.14285715,0.0,2.0,6932724.0,5.0,1.4285714285714286,20.0,58.51428571428572,256.42857142857144,4.428571428571429,53.457142857142856,3.0,0.0,0.0
1123002241,1.0,1.0,264120.405593,94897925.0,100.0,30.0,14767740.0,3.0,1.0,83.0,49.0,98.0,2.0,49.0,2.0,0.0,0.0
1123002538,0.23809523809523808,0.5714285714285714,8019.872648920001,5349483.19047619,14.285714285714286,1.0,54640088.0,29.0,2.238095238095238,128.0952380952381,44.41428571428571,144.52380952380952,3.238095238095238,45.5,2.2857142857142856,0.047619047619047616,0.0
1123002556,0.0,0.3333333333333333,2556.13364666,10601912.666666666,0.0,1.0,9771950.0,3.0,1.0,33.333333333333336,56.5,107.66666666666667,1.8333333333333333,70.25,1.8333333333333333,0.0,0.0
1123002578,0.3157894736842105,0.3157894736842105,4279.2552907,39913337.973684214,31.57894736842105,1.0,61580864.0,31.0,2.8947368421052633,105.39473684210526,38.35,100.3157894736842,2.6842105263157894,36.66842105263157,1.0,0.0,0.0
1123002616,0.08695652173913043,0.2608695652173913,9243.73748842,623655.0,8.695652173913043,10.0,17974056.0,7.0,1.9565217391304348,29.17391304347826,53.908695652173904,161.82608695652175,3.0,81.31739130434782,1.4782608695652173,0.08695652173913043,0.17391304347826086
1123002618,0.1111111111111111,0.1111111111111111,6978.0957187,54713022.777777776,11.11111111111111,8.0,2637740.0,1.0,2.5555555555555554,14.333333333333334,57.0,57.0,1.0,57.0,1.0,0.0,0.0
1123002626,0.0,0.0,2216.09489213,13886531.0,0.0,3.0,19053994.0,9.0,2.0,66.0,70.0,70.0,1.0,70.0,1.0,0.0,0.0
1123002627,0.3125,0.3125,3243.50498842,14288748.375,31.25,2.0,1424272.0,1.0,1.9375,22.5625,20.975,56.1875,2.75,44.13125,1.0,0.0,0.0
1123002628,0.10526315789473684,0.10526315789473684,14535.9802083,278779963.65789473,10.526315789473685,13.0,4786563.0,2.0,5.026315789473684,7.0,24.307894736842105,54.23684210526316,2.4210526315789473,22.07894736842105,1.0789473684210527,0.07894736842105263,0.0
1123002631,0.36363636363636365,0.36363636363636365,9423.44799531,28818155.90909091,36.36363636363637,6.0,1424272.0,1.0,4.454545454545454,24.09090909090909,57.304545454545455,165.72727272727272,2.8636363636363638,59.39090909090908,2.0,0.0,0.0
1123002635,0.0,0.0,2678.94766554,6579704.6,0.0,2.0,17412506.0,10.0,1.4,51.0,35.519999999999996,145.4,4.2,34.5,2.0,0.0,0.0
1123002643,0.0,0.55,5369.47236959,33033998.8,0.0,1.0,41511606.0,20.0,1.75,137.7,29.78,110.45,3.7,29.78,1.7,0.1,0.0
1123002660,0.0,0.0,4042.42087228,6764400.0,0.0,3.0,16984519.0,9.0,3.0,41.0,51.5,103.0,2.0,51.5,1.0,1.0,1.0
1123002720,0.0,0.0,2390.38405605,15661873.0,0.0,1.0,28160433.0,10.0,1.7692307692307692,516.3846153846154,6.0,6.0,1.0,6.0,1.0,0.23076923076923078,0.0
1123002734,0.42857142857142855,0.42857142857142855,1502.51419786,40742736.0,42.857142857142854,1.0,16735324.0,5.0,1.2857142857142858,14.285714285714286,32.285714285714285,32.285714285714285,1.0,32.285714285714285,1.0,0.0,0.0
1123002831,0.19047619047619047,0.19047619047619047,5406.19270289,3756781.095238095,19.047619047619047,1.0,85826621.0,28.0,1.7142857142857142,90.95238095238095,30.44285714285714,91.42857142857143,3.0,30.44285714285714,1.0,0.0,0.0
1123002871,0.0,0.0,2523.82098867,7514916.0,0.0,1.0,18524023.0,11.0,1.5,55.0,5.75,11.5,2.0,5.75,1.0,0.0,0.5
1123002889,0.0,0.0,2915.072446,3207923.8,0.0,2.0,209312044.0,52.0,1.2,174.6,9.8,9.8,1.0,9.8,1.0,0.2,0.0
1123002893,0.0,0.4,2595.55952175,13277330.0,0.0,1.0,21870680.0,9.0,1.2,33.0,13.38,61.4,4.6,13.38,1.6,0.2,0.0
1123002894,0.0,0.0,1661.72461865,16303983.363636363,0.0,1.0,14030836.0,5.0,1.7272727272727273,10.909090909090908,30.55454545454546,173.72727272727272,5.7272727272727275,29.681818181818183,1.0,0.2727272727272727,0.2727272727272727
1123002898,0.4,0.4,6010.32442575,34190886.05,40.0,2.0,297402974.0,98.0,1.75,228.15,28.919999999999998,60.5,2.1,28.919999999999998,1.1,0.1,0.0
1123002899,0.0,0.0,3200.76256493,15232299.2,0.0,1.0,57669997.0,28.0,1.6,57.0,25.839999999999996,129.2,5.0,26.32,1.0,0.0,0.0
1123002908,0.3333333333333333,0.3333333333333333,1661.85417865,2416142.8333333335,33.333333333333336,2.0,7712415.0,4.0,2.5,22.583333333333332,39.00833333333333,101.33333333333333,2.6666666666666665,37.36666666666667,1.0,0.0,0.0
1123002914,0.32142857142857145,0.42857142857142855,4604.29294001,93820983.17857143,32.142857142857146,1.0,31830556.0,10.0,3.392857142857143,38.214285714285715,46.93214285714286,176.71428571428572,3.9642857142857144,61.146428571428565,2.3214285714285716,0.14285714285714285,0.07142857142857142
1123002924,0.0,0.0,3736.8324565499997,350771419.5,0.0,1.0,9289536.0,5.0,2.5,51.2,8.0,8.0,1.0,67.2,1.7,0.3,0.1
1123002925,0.5,0.85,2422.05723758,250714600.2,25.833333333333332,1.0,12549598.0,3.0,2.6,29.7,31.675,220.15,6.9,37.28,4.3,0.1,0.1
1123002929,0.6857142857142857,0.8285714285714286,6990.87268715,330707044.17142856,60.0,3.0,57323527.0,22.0,3.9714285714285715,104.77142857142857,30.314285714285713,267.6857142857143,8.771428571428572,48.31142857142857,6.542857142857143,0.2,0.0
1123002953,0.0,0.0,4089.6590496699996,160829684.875,0.0,2.0,26779474.0,9.0,2.9583333333333335,47.666666666666664,57.666666666666664,124.25,2.2083333333333335,49.366666666666674,2.0,0.0,0.0
1123002956,0.8333333333333334,1.1666666666666667,22550.503443599995,93361561.5,40.0,11.0,325567734.0,103.0,3.1,394.2,41.06333333333334,305.6666666666667,7.433333333333334,64.45333333333333,5.733333333333333,0.03333333333333333,0.16666666666666666
1123002960,0.2222222222222222,0.2222222222222222,2876.59289452,1389764.0,22.22222222222222,1.0,160209280.0,66.0,2.3333333333333335,203.66666666666666,26.77777777777778,107.0,4.0,40.400000000000006,1.0,0.0,0.0
1123002965,0.0,0.5,1421.04892608,22113830.2,0.0,2.0,7189226.0,3.0,2.0,7.2,22.65,90.5,4.0,22.65,1.0,0.2,0.2
1123002967,0.0,0.0,13051.1044731,7119940.0,0.0,5.0,151542100.0,54.0,3.8,204.0,27.28,179.2,6.6,46.58,3.6,0.6,0.0
1123003032,0.0,0.2222222222222222,12058.3743236,3804960.222222222,0.0,5.0,14998917.0,5.0,1.3333333333333333,41.333333333333336,16.744444444444447,50.333333333333336,3.0,16.744444444444447,1.0,0.0,0.0
1123003222,0.0,0.2,2742.40524015,24049055.933333334,0.0,1.0,77420029.0,27.0,2.4,81.93333333333334,39.38666666666666,160.06666666666666,4.066666666666666,41.72,1.0,0.0,0.0
1123003245,0.2916666666666667,0.2916666666666667,3968.17004883,15013190.708333334,29.166666666666668,1.0,44759131.0,22.0,1.8333333333333333,52.458333333333336,41.275,206.375,5.0,42.2875,2.0416666666666665,0.041666666666666664,0.041666666666666664
1129000141,0.43478260869565216,0.6086956521739131,5649.8863137,9775831.173913043,36.95652173913044,7.0,31545914.0,5.0,2.391304347826087,410.0,38.004347826086956,113.91304347826087,3.0,38.004347826086956,1.434782608695652,0.0,0.043478260869565216
1129000240,0.0,0.0,5983.878989460001,147836758.72727272,0.0,1.0,745130209.0,206.0,2.5454545454545454,723.3636363636364,24.59090909090909,52.36363636363637,2.1818181818181817,22.09090909090909,1.0,0.0,0.0
1129000249,0.4,0.4,11260.2036519,46747918.4,40.0,4.0,17349195.0,5.0,1.2,27.8,27.639999999999997,93.8,3.4,25.860000000000003,2.0,0.2,0.0
1129000253,0.25,0.25,10863.379154,42227660.5,25.0,7.0,50086159.0,20.0,1.75,104.75,47.75,143.25,3.0,47.75,1.5,0.25,0.5
1129000259,0.3333333333333333,0.7777777777777778,3430.41905732,38024743.55555555,33.333333333333336,1.0,80569626.0,33.0,1.8888888888888888,108.77777777777777,23.27777777777778,93.0,4.0,25.4,1.3333333333333333,0.3333333333333333,0.3333333333333333
1129000273,0.0,0.6666666666666666,4934.1020933,60104579.166666664,0.0,2.0,18743962.0,8.0,2.5,27.5,16.25,57.0,3.5,16.25,1.5,0.16666666666666666,0.16666666666666666
1129000275,0.3684210526315789,0.3684210526315789,3805.9135044600002,25766720.315789472,36.8421052631579,1.0,100860677.0,40.0,2.9473684210526314,162.8421052631579,66.71052631578948,133.42105263157896,2.0,66.71052631578948,2.0,0.0,0.0
1129000284,0.0,0.0,17453.3113364,458349504.5,0.0,10.0,33393528.0,14.0,1.9444444444444444,51.166666666666664,58.4388888888889,209.88888888888889,3.6666666666666665,87.38888888888889,2.1666666666666665,0.2222222222222222,0.1111111111111111
1129000321,0.5,0.5,18802.7956365,24161503.0,50.0,10.0,101193898.0,36.0,1.5,122.0,32.3,97.0,3.0,48.7,3.0,0.0,0.0
1129000568,0.2,0.5666666666666667,10578.8997692,47764433.333333336,11.666666666666666,3.0,47537305.0,19.0,4.133333333333334,73.2,25.966666666666665,130.23333333333332,5.033333333333333,25.886666666666667,1.7333333333333334,0.03333333333333333,0.0
1129000569,0.575,0.825,4116.63364968,192943082.6,50.0,1.0,38159719.0,18.0,4.575,50.95,28.307499999999997,211.275,7.6,30.0325,3.05,0.05,0.025
1129000572,0.4634146341463415,0.7073170731707317,5876.21166167,73715785.70731707,37.80487804878049,2.0,19183651.0,12.0,6.536585365853658,53.24390243902439,26.81219512195122,90.85365853658537,3.3658536585365852,46.05609756097561,3.073170731707317,0.2682926829268293,0.024390243902439025
1129000587,0.034482758620689655,0.034482758620689655,3644.74847698,91212806.48275863,3.4482758620689653,1.0,16194148.0,6.0,4.517241379310345,19.482758620689655,46.11379310344827,172.24137931034483,3.7241379310344827,55.51379310344827,2.5517241379310347,0.13793103448275862,0.034482758620689655
1129000591,0.0,0.0,6663.82873504,52703936.5,0.0,3.0,74321916.0,31.0,2.5,96.0,19.55,78.0,4.0,23.8,2.0,0.5,0.5
1129000592,0.0,0.11538461538461539,3894.73715712,217650630.76923078,0.0,4.0,13276192.0,6.0,2.4615384615384617,25.23076923076923,31.388461538461538,168.92307692307693,5.5,30.523076923076925,2.0,0.038461538461538464,0.038461538461538464
1129000595,0.25,0.25,5676.7046914,20686802.75,25.0,3.0,157619347.0,52.0,2.125,130.0,62.5625,94.6875,1.5,69.59375,1.0,0.0,0.0
1129000597,0.2857142857142857,0.5,7609.66171191,73294510.0,17.857142857142858,3.0,23394675.0,12.0,2.142857142857143,39.142857142857146,27.792857142857144,92.85714285714286,3.2857142857142856,33.92142857142857,2.5714285714285716,0.07142857142857142,0.0
1129000601,0.0,0.0,4871.77079929,3219856.75,0.0,1.0,21361516.0,9.0,2.0,45.25,63.75,63.75,1.0,63.75,1.0,0.0,0.0
1129000612,0.047619047619047616,0.3333333333333333,6324.36993047,20694880.85714286,2.380952380952381,5.0,220174979.0,71.0,2.1904761904761907,134.71428571428572,28.771428571428572,140.57142857142858,4.904761904761905,28.576190476190476,2.380952380952381,0.09523809523809523,0.23809523809523808
1129000624,0.0,0.0,4073.4708787100003,74387589.5,0.0,4.0,37159474.0,12.0,1.0,41.0,60.5,60.5,1.0,60.5,1.0,0.0,0.0
1129000629,0.12903225806451613,0.12903225806451613,4551.06674819,58570743.93548387,12.903225806451612,3.0,90111174.0,25.0,2.6451612903225805,70.45161290322581,34.91935483870968,57.70967741935484,1.5806451612903225,43.53225806451613,1.0,0.0967741935483871,0.0
1129000636,0.20689655172413793,0.20689655172413793,4855.63914073,54797102.344827585,20.689655172413794,4.0,148452101.0,50.0,3.9310344827586206,152.58620689655172,34.01724137931034,198.55172413793105,5.827586206896552,33.5551724137931,2.3793103448275863,0.10344827586206896,0.06896551724137931
1129000639,0.0,0.0,3292.56368116,7008650.75,0.0,3.0,111105226.0,38.0,1.0,56.0,7.5,18.25,2.5,7.5,1.0,0.5,0.5
1129000665,0.10714285714285714,0.5357142857142857,7379.49035939,132158419.5,10.714285714285714,2.0,140632783.0,57.0,4.25,147.85714285714286,22.625,45.25,2.0,19.75,1.0,0.0,0.0
1129000672,0.0,0.0,5713.46465004,37783452.333333336,0.0,2.0,130868478.0,49.0,2.0,107.0,16.0,32.0,2.0,16.0,1.0,0.0,0.0
1129000770,0.0,0.0,4494.64404784,46647172.0,0.0,1.0,74096528.0,28.0,1.75,61.0,6.5,6.5,1.0,11.5,1.0,0.25,0.0
1129000774,0.5,0.5769230769230769,4345.99394664,43051546.961538464,50.0,1.0,7666688.0,5.0,3.5384615384615383,64.42307692307692,30.930769230769233,92.6923076923077,3.0,30.930769230769233,2.0,0.07692307692307693,0.0
1129000837,0.0,0.0,6468.44824669,29684854.15,0.0,3.0,108108759.0,46.0,3.9,113.2,35.775,71.55,2.0,35.775,1.0,0.0,0.0
1129000856,0.1111111111111111,0.4074074074074074,7003.62599755,136624210.1851852,9.25925925925926,7.0,61562506.0,25.0,2.6296296296296298,90.81481481481481,16.40740740740741,61.592592592592595,3.7037037037037037,51.16296296296296,1.8518518518518519,0.1111111111111111,0.25925925925925924
1129000858,0.26666666666666666,0.26666666666666666,6460.11439249,22642697.666666668,23.333333333333332,7.0,59049222.0,25.0,2.6666666666666665,46.233333333333334,35.656666666666666,168.93333333333334,4.766666666666667,34.86,2.033333333333333,0.1,0.16666666666666666
1129001020,0.48484848484848486,1.0909090909090908,3387.9272396,4897583.424242424,38.38383838383839,1.0,60044950.0,24.0,2.9696969696969697,99.06060606060606,30.078787878787878,242.42424242424244,8.06060606060606,30.078787878787878,2.0606060606060606,0.06060606060606061,0.09090909090909091
1129001027,0.0,0.0,4399.92834513,4655000.0,0.0,2.0,56369315.0,27.0,1.0,94.0,2.5,2.5,1.0,2.5,1.0,0.5,0.0
1129001069,0.84375,1.0,7790.76766504,36555770.8125,46.875,2.0,72418074.0,34.0,2.75,73.1875,42.14375,462.5625,11.0625,39.15625,3.5625,0.0625,0.15625
1129001070,0.3333333333333333,0.7692307692307693,7140.292900740001,200102979.76923078,26.923076923076923,10.0,1675201.0,2.0,3.4358974358974357,12.282051282051283,42.14102564102564,215.97435897435898,5.128205128205129,46.18974358974359,3.1794871794871793,0.10256410256410256,0.07692307692307693
1129001077,0.21428571428571427,0.21428571428571427,7178.76697805,22040998.285714287,21.428571428571427,2.0,130739750.0,57.0,4.0,143.71428571428572,55.371428571428574,118.60714285714286,2.1785714285714284,42.68928571428571,2.357142857142857,0.03571428571428571,0.0
1129001105,0.0,0.0,4728.46195577,8728181.375,0.0,2.0,53433497.0,17.0,3.375,40.0,6.0,6.0,1.0,66.0,1.0,0.0,0.0
1129001108,0.7272727272727273,0.7272727272727273,4633.23802407,7803643.5,72.72727272727273,4.0,64112660.0,24.0,2.4545454545454546,59.81818181818182,47.0,94.0,2.0,47.0,2.0,0.0,0.0
1129001116,0.3333333333333333,0.3333333333333333,4429.03379543,29707537.666666668,33.333333333333336,3.0,120838821.0,44.0,1.2222222222222223,497.6666666666667,37.666666666666664,75.33333333333333,2.0,37.666666666666664,1.0,0.0,0.0
1129001117,0.3142857142857143,0.3142857142857143,5669.0010691,24847167.714285713,31.428571428571427,2.0,201900806.0,58.0,2.857142857142857,81.17142857142858,41.00857142857143,112.97142857142858,2.7714285714285714,41.628571428571426,1.542857142857143,0.08571428571428572,0.0
1129001122,0.4230769230769231,1.0,7421.267122760001,70677018.26923077,21.153846153846153,3.0,9517801.0,5.0,2.3076923076923075,6.3076923076923075,24.853846153846156,156.92307692307693,6.346153846153846,26.61923076923077,1.9615384615384615,0.038461538461538464,0.038461538461538464
1129001131,0.0,0.0,4133.48659791,43217026.55555555,0.0,2.0,1026068.0,1.0,1.7777777777777777,6.666666666666667,11.333333333333334,11.333333333333334,1.0,75.16666666666667,1.0,0.0,0.0
1129001177,0.0,0.0,2909.55795781,8637729.0,0.0,1.0,6502352.0,5.0,2.6666666666666665,36.0,45.75,91.5,2.0,45.75,1.0,0.0,0.0
1129001276,0.0,0.0,6674.34395803,24331475.25,0.0,1.0,40571202.0,22.0,1.5,102.5,57.5,57.5,1.0,57.5,1.0,0.0,0.0
1129001289,0.0,0.0,3968.07642543,5597404.0,0.0,3.0,31206904.0,14.0,2.0,79.0,70.0,70.0,1.0,70.0,1.0,0.0,0.0
1129001376,0.0,0.0,4852.52882864,5975759.666666667,0.0,1.0,138731077.0,65.0,1.5,177.0,64.0,64.0,1.0,64.0,1.0,0.0,0.0
1129001391,0.3,0.3,4600.61349277,25906609.45,30.0,1.0,57690925.0,21.0,3.5,105.05,66.4,130.45,1.95,68.25,2.0,0.0,0.0
1129001416,0.0,0.0,2382.94063562,22312184.0,0.0,1.0,44940310.0,17.0,1.4,65.0,35.78,90.2,2.6,36.2,2.0,0.8,0.4
1129001422,0.13636363636363635,0.13636363636363635,10522.4008775,30530963.636363637,13.636363636363637,15.0,100950863.0,44.0,2.6818181818181817,101.18181818181819,31.095454545454547,108.95454545454545,3.590909090909091,30.104545454545452,1.0,0.0,0.0
1129001527,0.0,0.0,1815.25704643,184384887.75,0.0,3.0,16246502.0,4.0,1.0,20.0,9.5,19.0,2.0,9.5,2.0,0.0,0.0
1129001542,0.0,0.0,10809.4800919,34547329.833333336,0.0,4.0,272260086.0,90.0,2.1666666666666665,229.0,44.300000000000004,205.0,4.666666666666667,38.98333333333333,2.1666666666666665,0.5,0.16666666666666666
1129001547,0.0,0.0,2283.89334788,25127162.833333332,0.0,3.0,6389349.0,5.0,1.5,12.0,24.5,49.0,2.0,47.70000000000001,0.6666666666666666,0.16666666666666666,0.3333333333333333
1129001549,0.42857142857142855,0.7857142857142857,3082.87086879,77657726.17857143,32.142857142857146,4.0,80701982.0,28.0,3.0357142857142856,59.57142857142857,18.239285714285714,69.14285714285714,3.7142857142857144,18.87142857142857,2.357142857142857,0.14285714285714285,0.10714285714285714
1129001550,0.1875,0.5625,3963.01710403,77896582.1875,12.5,4.0,9674458.0,2.0,3.375,11.1875,34.240625,120.53125,3.40625,63.45,3.0,0.03125,0.0625
1129001562,0.26666666666666666,0.26666666666666666,7495.56001936,110783498.4,26.666666666666668,1.0,157661911.0,61.0,1.8,162.33333333333334,28.4,31.466666666666665,1.0666666666666667,28.4,1.0666666666666667,0.0,0.0
1129001564,0.26666666666666666,0.3333333333333333,13747.5201953,38892577.9,26.666666666666668,5.0,258898384.0,77.0,3.9,249.4,41.15333333333333,84.66666666666667,2.066666666666667,41.15333333333333,1.0666666666666667,0.03333333333333333,0.0
1129001568,0.0,0.0,4343.0355389,11969985.083333334,0.0,3.0,25656933.0,11.0,1.8333333333333333,24.0,19.0,38.0,2.0,19.0,1.0,0.16666666666666666,0.0
1129001640,0.0,0.75,6906.31589345,16780656.75,0.0,2.0,26431393.0,8.0,1.5,27.0,23.5,94.0,4.0,23.5,0.75,0.0,0.5
1129001646,0.0,0.0,7776.28594244,4206397.5,0.0,2.0,94585138.0,32.0,1.75,92.25,4.5,4.5,1.0,4.5,1.0,0.25,0.0
1129001651,0.0,0.75,8367.84704022,4812612.5,0.0,1.0,60511236.0,19.0,2.0,40.75,7.300000000000001,25.0,3.375,7.025,1.375,0.5,0.0
1129001670,0.0,0.0,4432.79953572,26406576.25,0.0,1.0,81167273.0,22.0,1.0,87.0,14.95,44.75,3.0,20.475,1.5,0.25,0.0
1129001678,0.0,0.0,31709.101242,2436242.0,0.0,12.0,229126280.0,77.0,1.0,265.0,11.5,11.5,1.0,11.5,1.0,0.0,0.0
1129001695,0.0,0.0,9635.54196006,58243569.85714286,0.0,2.0,44511208.0,15.0,1.1428571428571428,40.714285714285715,45.42857142857143,73.28571428571429,1.7142857142857142,63.57142857142857,1.7142857142857142,0.2857142857142857,0.0
1129001712,0.0,0.0,50964.5354988,77007198.71428572,0.0,2.0,861709466.0,135.0,1.5714285714285714,347.42857142857144,60.285714285714285,60.285714285714285,1.0,60.285714285714285,1.0,0.0,0.0
1129001791,0.4166666666666667,0.4166666666666667,5521.52808952,111432989.20833333,41.666666666666664,1.0,77640585.0,19.0,2.625,78.25,51.275,185.45833333333334,3.625,78.05416666666666,3.75,0.125,0.041666666666666664
1129001800,0.4666666666666667,0.7333333333333333,2929.06750307,24000000.0,46.666666666666664,3.0,4806965.0,3.0,3.2666666666666666,8.2,26.8,53.6,2.0,26.8,1.0,0.0,0.0
1129001834,0.0,0.0,1737.9559837600002,17890637.64285714,0.0,2.0,3519845.0,3.0,2.7142857142857144,5.0,62.857142857142854,62.857142857142854,1.0,65.48571428571428,1.0,0.0,0.0
1129001871,0.0,0.0,5937.41628291,20225521.0,0.0,3.0,177170859.0,62.0,1.0,244.0,18.0,36.0,2.0,18.0,1.0,1.0,0.0
1129001873,0.5757575757575758,1.0,6423.12726131,668267519.4848485,46.96969696969697,2.0,37329567.0,13.0,6.242424242424242,58.515151515151516,43.71818181818182,333.0,7.666666666666667,43.94242424242424,4.151515151515151,0.18181818181818182,0.18181818181818182
1129001905,0.0,0.5,76031.7400242,456439722.75,0.0,11.0,29941238.0,9.0,1.6666666666666667,21.75,20.5,76.91666666666667,3.75,49.40833333333333,1.1666666666666667,0.08333333333333333,0.0
1129001911,0.0,0.4,4654.39745712,12369347.0,0.0,1.0,86947702.0,40.0,1.2,111.4,16.080000000000002,60.0,3.8,16.96,1.0,0.2,0.2
1129001942,1.5,3.3666666666666667,437947.697653,323707464.3333333,34.44444444444444,54.0,24173714.0,5.0,4.0,76.66666666666667,43.79,1133.6,25.9,52.336666666666666,15.933333333333334,0.5333333333333333,0.43333333333333335
1129001967,0.0,0.0,2753.5521339,9609321.75,0.0,3.0,5200372.0,2.0,2.25,22.75,28.2,84.5,3.0,32.4,1.25,0.25,0.25
1129002047,0.0,0.6666666666666666,3870.47638498,15389097.666666666,0.0,1.0,16187863.0,10.0,1.0,44.0,18.650000000000002,103.0,5.5,18.650000000000002,1.5,0.0,0.0
1129002154,0.13636363636363635,0.6363636363636364,5325.53662008,71110633.0,9.090909090909092,4.0,26374146.0,14.0,2.1363636363636362,66.0909090909091,35.18181818181818,223.72727272727272,6.409090909090909,35.050000000000004,2.0,0.0,0.0
1129002193,0.0,0.0,3217.46525943,16154934.8,0.0,1.0,27242847.0,11.0,2.7,36.0,38.7,77.4,2.0,38.7,1.0,0.0,0.0
1129002198,0.27586206896551724,0.4827586206896552,7752.24972337,34811828.48275862,27.586206896551722,3.0,148051977.0,64.0,3.0,178.27586206896552,22.948275862068964,80.34482758620689,3.4827586206896552,48.213793103448275,1.5862068965517242,0.10344827586206896,0.10344827586206896
1129002204,0.0,0.43478260869565216,8681.19333025,17150733.13043478,0.0,1.0,258031816.0,107.0,2.652173913043478,352.2173913043478,15.5,75.21739130434783,4.869565217391305,56.369565217391305,1.0,0.0,0.043478260869565216
1129002209,0.0,0.0,1273.98623352,35850311.375,0.0,1.0,8684551.0,6.0,2.375,13.0,66.625,66.625,1.0,66.625,1.0,0.0,0.0
1129002210,0.05714285714285714,0.05714285714285714,8120.09588535,176244326.94285715,5.714285714285714,12.0,4084118.0,2.0,3.7142857142857144,17.885714285714286,51.08,252.71428571428572,5.285714285714286,40.15714285714286,3.942857142857143,0.08571428571428572,0.0
1129002212,0.5641025641025641,1.1538461538461537,8957.09524743,24864468.0,35.8974358974359,2.0,158939995.0,65.0,3.3076923076923075,230.2051282051282,34.37948717948718,300.1025641025641,8.717948717948717,36.73076923076923,3.5384615384615383,0.15384615384615385,0.15384615384615385
1129002215,0.0,0.0,3440.34008297,7233490.285714285,0.0,3.0,49342287.0,27.0,1.4285714285714286,106.28571428571429,32.55714285714286,97.57142857142857,3.0,32.55714285714286,1.0,0.14285714285714285,0.14285714285714285
1129002231,0.5862068965517241,1.793103448275862,5168.98395907,252984175.5172414,39.6551724137931,1.0,66423310.0,31.0,5.137931034482759,115.62068965517241,33.92413793103448,450.82758620689657,13.275862068965518,54.62413793103448,6.689655172413793,0.1724137931034483,0.27586206896551724
1129002290,0.0,0.0,42011.6324016,39635183.14285714,0.0,12.0,3537214.0,2.0,1.1428571428571428,4.428571428571429,57.857142857142854,83.57142857142857,1.4285714285714286,56.7,1.0,0.0,0.0
1129002419,0.05263157894736842,0.05263157894736842,2558.57520224,120000000.0,5.2631578947368425,1.0,26545077.0,14.0,3.3157894736842106,36.421052631578945,16.57894736842105,16.57894736842105,1.0,16.57894736842105,1.0,0.0,0.0
1129002423,0.0,0.0,1426.14195618,11453364.4,0.0,3.0,18671671.0,12.0,1.2,63.6,58.0,58.0,1.0,58.0,1.0,0.0,0.0
1129002482,0.2,0.2,1741.45926861,10873852.8,20.0,1.0,24920772.0,16.0,1.0,59.0,34.5,69.0,2.0,34.5,1.0,0.0,0.0
1129002565,0.0,0.0,2994.35731247,8269454.0,0.0,2.0,17318451.0,9.0,2.5833333333333335,33.0,11.25,11.25,1.0,52.125,1.0,0.08333333333333333,0.0
1129002605,0.0,0.0,5030.79771549,6045648.45,0.0,6.0,10107522.0,7.0,2.7,27.35,39.245,186.05,4.8,38.010000000000005,1.0,0.0,0.05
1129002764,0.0,0.0,1594.8124820700002,16262957.0,0.0,2.0,24646563.0,8.0,1.6666666666666667,45.0,11.0,11.0,1.0,11.0,1.0,0.0,0.0
1129002951,0.42857142857142855,0.42857142857142855,5828.0541768,81467249.14285715,42.857142857142854,5.0,20488235.0,4.0,6.571428571428571,3.3714285714285714,36.04571428571428,250.6,6.914285714285715,47.3,3.142857142857143,0.02857142857142857,0.08571428571428572
1129002972,0.0,0.0,2621.12324854,2622496.0,0.0,1.0,29790029.0,13.0,1.0,51.0,34.5,69.0,2.0,34.5,1.0,0.0,0.0
1129003179,0.0,0.0,3261.5612589899997,1378112.3333333333,0.0,1.0,113631266.0,43.0,1.0,135.0,23.7,71.0,3.0,23.7,1.0,0.0,0.0
1129003212,0.45454545454545453,0.45454545454545453,9885.7222336,8576201.363636363,45.45454545454545,4.0,230598533.0,87.0,1.0909090909090908,287.0,37.25454545454545,148.9090909090909,4.0,52.78181818181818,2.0,0.0,0.0
1129003251,0.0,0.0,16240.7449186,58738806.0,0.0,11.0,78515847.0,31.0,1.0,120.0,11.5,11.5,1.0,70.0,2.0,0.0,0.0
1129003413,0.0,0.0,176517.546399,179506700.7,0.0,23.0,22450124.0,4.0,2.2,11.0,31.9,63.8,2.0,31.9,1.0,0.0,0.2
1129003428,0.5,0.5,389432.284407,12422870.423076924,50.0,1.0,37084890.0,13.0,2.1153846153846154,48.61538461538461,40.00769230769231,119.92307692307692,3.0,40.00769230769231,2.0,0.0,0.0
1129003471,0.4,0.6666666666666666,11444.966217,29755991.8,40.0,2.0,179433461.0,73.0,1.6666666666666667,275.06666666666666,34.04,85.06666666666666,2.466666666666667,39.7,1.0,0.0,0.0
1129003483,0.0,0.0,4581.5664938,13599920.333333334,0.0,4.0,24228946.0,10.0,1.6666666666666667,27.0,44.70000000000001,134.0,3.0,37.8,1.0,0.0,0.0
1129003501,0.3225806451612903,0.3225806451612903,9558.81610453,8797366.806451613,32.25806451612903,6.0,127895633.0,50.0,3.7096774193548385,147.3548387096774,51.11290322580645,97.74193548387096,1.935483870967742,50.483870967741936,1.0,0.0,0.0
1129003638,0.36363636363636365,1.3636363636363635,15226.2434879,21120059.545454547,18.181818181818183,3.0,14377089.0,6.0,1.4545454545454546,15.545454545454545,20.21818181818182,101.0909090909091,5.0,20.21818181818182,2.727272727272727,0.18181818181818182,0.09090909090909091
1129003655,0.23076923076923078,0.23076923076923078,4714.13827799,229692125.46153846,23.076923076923077,1.0,58068109.0,19.0,2.3076923076923075,105.15384615384616,28.06153846153846,88.3076923076923,3.1538461538461537,29.376923076923074,1.7692307692307692,0.07692307692307693,0.0
1129003656,0.3333333333333333,0.6666666666666666,11004.0351229,41592900.6,33.333333333333336,1.0,155081265.0,55.0,1.7333333333333334,196.06666666666666,28.766666666666666,86.2,3.0,35.82666666666667,1.0,0.0,0.0
1129003668,0.0,0.4,3861.2201366099994,56036301.4,0.0,1.0,89596718.0,27.0,1.0,105.4,23.5,47.0,2.0,23.5,1.0,0.0,0.0
1129003690,0.0,0.0,7512.16445146,2936074.0,0.0,1.0,254444288.0,117.0,1.0,447.0,19.5,78.0,4.0,19.5,2.0,1.0,1.0
1129003713,0.5,2.0,3855.67425809,15998498.0,16.666666666666664,1.0,102693339.0,46.0,1.0,162.0,17.25,103.5,6.0,17.25,1.0,0.0,0.0
1129003742,0.0,0.0,3731.55817055,83642310.0,0.0,2.0,74898603.0,31.0,1.0,52.0,18.7,56.0,3.0,18.7,1.0,1.0,0.0
1129003787,0.35,0.35,4562.82370902,7109771.9,35.0,2.0,63022475.0,30.0,2.1,630.2,52.825,105.65,2.0,82.25,1.25,0.0,0.05
1129003808,0.0,0.0,4077.87335975,137257468.0,0.0,5.0,10032848.0,3.0,2.272727272727273,13.545454545454545,37.09090909090909,58.54545454545455,1.3636363636363635,71.13636363636364,2.0,0.09090909090909091,0.0
1129003841,0.1111111111111111,0.3333333333333333,5801.40639592,17414770.777777776,11.11111111111111,1.0,86318201.0,44.0,1.3333333333333333,100.22222222222223,34.41111111111111,103.33333333333333,3.0,34.41111111111111,1.0,0.0,0.0
1129003914,0.0,0.8181818181818182,6337.81086175,103784810.81818181,0.0,2.0,4967058.0,5.0,1.9090909090909092,7.0,21.645454545454545,126.36363636363636,5.818181818181818,21.645454545454545,1.8181818181818181,0.45454545454545453,0.0
